﻿Designator,Quantity,Value,Footprint,Package,MPN,DNP,Mount_Type,Description
J1,1,Rain,RAINv1,,,,tht,"Generic connector, single row, 01x04, script generated (kicad-library-utils/schlib/autogen/connector/)"
J10,1,wind_sensor,PinHeader_1x03_P2.54mm_Vertical,,,,tht,"Generic connector, single row, 01x03, script generated"
J11,1,Barrel_Jack_MountingPin,BarrelJack_Horizontal,,,,tht,DC Barrel Jack with a mounting pin
J2,1,LORA,lora,,,,smt,"Generic connector, single row, 01x06, script generated (kicad-library-utils/schlib/autogen/connector/)"
J3,1,PRESSURE,BARO,,,,tht,"Generic connector, single row, 01x06, script generated (kicad-library-utils/schlib/autogen/connector/)"
J4,1,Thermocoupler,Thermocoupler,,,,tht,"Generic connector, single row, 01x06, script generated (kicad-library-utils/schlib/autogen/connector/)"
"J5, J9",2,ADS,ADS1,,,,tht,"Generic connector, single row, 01x10, script generated (kicad-library-utils/schlib/autogen/connector/)"
J6,1,I2C_Level_shifter,i2c_level,,,,smt,"Generic connector, single row, 01x06, script generated (kicad-library-utils/schlib/autogen/connector/)"
J7,1,GSM_module,GSM,,,,tht,"Generic connector, single row, 01x06, script generated (kicad-library-utils/schlib/autogen/connector/)"
J8,1,Conn_01x02_Pin,PinHeader_1x02_P2.54mm_Vertical,,,,tht,"Generic connector, single row, 01x02, script generated"
U2,1,RASPI PICO W,PICOw,,,,tht,A microcontroller by Raspberry Pi
