﻿pos_x,pos_y,rotation,side,designator,mpn,pack,footprint,value,mount_type
119.0,-124.77,0.0,top,J1,,,RAINv1,Rain,tht
230.5,-93.5,180.0,top,J10,,,PinHeader_1x03_P2.54mm_Vertical,wind_sensor,tht
222.5,-111.5,90.0,top,J11,,,BarrelJack_Horizontal,Barrel_Jack_MountingPin,tht
120.845,-92.845,0.0,top,J2,,,lora,LORA,smt
153.9,-75.85,-90.0,top,J3,,,BARO,PRESSURE,tht
187.095,-117.095,0.0,top,J4,,,Thermocoupler,Thermocoupler,tht
145.405,-144.405,180.0,top,J5,,,ADS1,ADS,tht
204.105,-82.27,180.0,top,J6,,,i2c_level,I2C_Level_shifter,smt
187.845,-92.345,0.0,top,J7,,,GSM,GSM_module,tht
185.0,-84.46,0.0,top,J8,,,PinHeader_1x02_P2.54mm_Vertical,Conn_01x02_Pin,tht
211.095,-74.595,0.0,top,J9,,,ADS1,ADS,tht
159.845,-83.025,0.0,top,U2,,,PICOw,RASPI PICO W,tht
